id,month,gender,age_band,Income,Checking_account,Churn,censor
1,22,M,60-64,C,Y,0,1
2,41,F,65+,U,Y,0,1
3,43,M,25-29,G,Y,0,1
4,47,M,25-29,H,Y,0,1
5,21,F,60-64,U,Y,0,1
6,11,F,21-24,U,Y,0,1
7,57,F,60-64,E,Y,0,1
8,5,M,50-54,F,N,0,1
9,55,F,60-64,D,Y,0,1
10,1,F,50-54,U,N,0,1
11,40,F,45-49,E,Y,0,1
12,22,F,55-59,U,Y,1,0
13,40,F,60-64,I,Y,0,1
14,28,F,60-64,G,Y,0,1
15,30,M,50-54,I,Y,0,1
16,12,M,60-64,I,Y,0,1
17,31,F,45-49,G,Y,0,1
18,3,M,60-64,F,N,0,1
19,48,F,65+,G,Y,0,1
20,15,M,21-24,G,Y,0,1
21,2,M,21-24,U,Y,0,1
22,9,M,60-64,I,Y,0,1
23,29,M,50-54,U,Y,0,1
24,45,F,30-34,H,Y,0,1
25,6,M,50-54,G,N,0,1
26,22,F,60-64,A,N,0,1
27,33,M,45-49,G,Y,0,1
28,19,F,55-59,U,Y,0,1
29,15,M,60-64,E,N,0,1
30,18,F,25-29,A,Y,0,1
31,12,F,25-29,U,Y,0,1
32,2,F,50-54,U,Y,0,1
33,30,F,60-64,I,Y,0,1
34,16,F,60-64,F,N,0,1
35,40,F,45-49,C,N,0,1
36,12,M,40-44,I,N,0,1
37,16,F,60-64,F,Y,0,1
38,19,M,25-29,U,Y,0,1
39,21,F,21-24,G,Y,0,1
40,13,M,21-24,I,Y,1,0
41,20,M,25-29,U,Y,0,1
42,28,M,60-64,D,N,0,1
43,21,F,45-49,I,Y,0,1
44,21,F,30-34,E,Y,0,1
45,2,M,50-54,U,N,0,1
46,12,F,45-49,D,N,0,1
47,41,F,50-54,H,Y,0,1
48,26,M,40-44,H,Y,0,1
49,16,M,25-29,F,N,0,1
50,46,M,50-54,B,Y,0,1
51,42,M,25-29,F,Y,0,1
52,4,F,55-59,G,N,0,1
53,35,M,25-29,U,Y,0,1
54,49,M,45-49,F,Y,0,1
55,30,F,60-64,F,Y,0,1
56,58,M,45-49,F,Y,0,1
57,3,M,50-54,C,Y,0,1
58,6,M,21-24,U,Y,0,1
59,22,F,55-59,B,Y,0,1
60,49,F,35-39,E,Y,0,1
61,12,M,50-54,F,N,0,1
62,15,M,21-24,G,Y,0,1
63,12,F,35-39,F,Y,0,1
64,46,F,55-59,F,Y,0,1
65,52,F,60-64,C,Y,0,1
66,6,M,55-59,I,N,0,1
67,13,F,25-29,B,N,0,1
68,1,M,50-54,H,Y,0,1
69,40,F,30-34,F,Y,0,1
70,45,F,25-29,F,Y,0,1
71,32,F,25-29,G,Y,0,1
72,17,M,25-29,I,Y,0,1
73,25,F,60-64,F,Y,0,1
74,29,M,25-29,I,Y,0,1
75,32,F,65+,F,N,1,0
76,2,F,21-24,C,Y,0,1
77,31,F,21-24,G,Y,0,1
78,55,F,55-59,I,Y,0,1
79,26,M,50-54,E,N,0,1
80,13,M,60-64,A,N,0,1
81,28,M,45-49,G,Y,0,1
82,10,M,40-44,H,N,0,1
83,9,F,50-54,U,Y,0,1
84,10,F,21-24,U,Y,0,1
85,19,F,21-24,F,Y,0,1
86,47,F,55-59,I,Y,0,1
87,26,F,60-64,D,Y,0,1
88,32,F,60-64,G,Y,0,1
89,28,M,25-29,F,Y,0,1
90,17,M,50-54,F,N,0,1
91,37,F,60-64,E,Y,0,1
92,7,M,60-64,I,Y,0,1
93,17,M,40-44,F,N,0,1
94,9,M,60-64,H,Y,0,1
95,6,F,40-44,U,Y,0,1
96,9,M,40-44,H,N,0,1
97,21,M,45-49,G,Y,0,1
98,17,F,25-29,I,Y,0,1
99,12,F,60-64,C,Y,0,1
100,11,M,21-24,G,Y,0,1
101,45,F,30-34,U,Y,0,1
102,29,M,50-54,F,Y,0,1
103,8,M,45-49,I,N,0,1
104,26,F,45-49,U,Y,0,1
105,1,F,40-44,G,Y,0,1
106,14,M,30-34,U,Y,0,1
107,21,F,35-39,U,N,0,1
108,33,F,55-59,H,Y,0,1
109,40,M,50-54,B,Y,0,1
110,9,F,45-49,G,N,0,1
111,38,F,60-64,I,Y,0,1
112,41,F,60-64,E,Y,0,1
113,38,M,40-44,F,Y,0,1
114,19,F,55-59,E,Y,0,1
115,7,F,45-49,F,Y,0,1
116,23,M,60-64,F,Y,0,1
117,9,M,60-64,D,N,0,1
118,54,F,50-54,H,N,0,1
119,12,M,60-64,U,Y,0,1
120,34,M,25-29,I,Y,0,1
121,50,F,40-44,F,Y,0,1
122,40,M,45-49,I,Y,0,1
123,48,M,35-39,G,N,0,1
124,27,F,45-49,F,Y,0,1
125,14,M,50-54,F,N,0,1
126,45,F,45-49,H,Y,0,1
127,19,M,40-44,U,Y,0,1
128,12,F,21-24,D,Y,0,1
129,13,F,60-64,I,N,0,1
130,4,F,35-39,D,N,0,1
131,2,M,35-39,U,Y,0,1
132,27,M,60-64,U,Y,0,1
133,13,F,65+,U,Y,0,1
134,58,F,21-24,D,Y,0,1
135,52,M,30-34,G,Y,1,0
136,14,F,45-49,U,N,0,1
137,6,F,21-24,U,Y,0,1
138,22,F,40-44,H,Y,0,1
139,25,F,45-49,D,N,0,1
140,6,M,50-54,I,N,0,1
141,29,M,21-24,F,Y,0,1
142,48,M,45-49,F,Y,0,1
143,22,F,55-59,F,Y,0,1
144,50,F,55-59,F,Y,1,0
145,25,M,45-49,H,Y,0,1
146,37,F,60-64,G,Y,0,1
147,33,M,45-49,I,Y,0,1
148,21,M,60-64,H,Y,0,1
149,23,F,45-49,U,N,0,1
150,38,M,50-54,E,Y,0,1
151,22,M,45-49,F,N,0,1
152,1,M,60-64,U,N,0,1
153,32,M,55-59,F,N,0,1
154,54,F,40-44,D,Y,0,1
155,35,F,35-39,H,Y,0,1
156,30,F,55-59,G,Y,0,1
157,10,M,50-54,G,N,0,1
158,32,M,40-44,G,Y,0,1
159,35,M,55-59,G,N,0,1
160,44,M,45-49,G,Y,0,1
161,26,M,25-29,F,Y,0,1
162,43,M,60-64,G,Y,0,1
163,58,M,45-49,G,Y,0,1
164,47,M,25-29,F,Y,0,1
165,50,M,40-44,G,Y,0,1
166,37,F,50-54,F,Y,0,1
167,49,M,50-54,H,Y,0,1
168,20,M,60-64,U,Y,0,1
169,32,M,25-29,H,Y,0,1
170,24,M,25-29,D,Y,0,1
171,18,F,60-64,U,Y,0,1
172,48,F,30-34,D,Y,0,1
173,18,F,45-49,U,Y,0,1
174,39,F,60-64,D,Y,0,1
175,22,F,55-59,G,Y,0,1
176,30,M,55-59,H,Y,0,1
177,20,F,65+,G,Y,0,1
178,45,M,60-64,I,Y,0,1
179,58,F,55-59,H,Y,0,1
180,18,M,45-49,C,N,0,1
181,45,M,50-54,H,Y,0,1
182,38,M,40-44,G,Y,0,1
183,35,M,25-29,U,Y,0,1
184,44,F,35-39,F,Y,0,1
185,5,M,35-39,G,N,0,1
186,12,F,25-29,F,Y,0,1
187,13,F,21-24,I,Y,0,1
188,27,M,50-54,U,Y,1,0
189,43,M,45-49,I,N,0,1
190,58,M,55-59,G,Y,0,1
191,13,M,35-39,U,Y,0,1
192,1,F,40-44,G,Y,0,1
193,50,F,40-44,I,Y,0,1
194,32,F,55-59,C,Y,0,1
195,42,F,60-64,H,Y,1,0
196,7,F,60-64,U,Y,0,1
197,36,F,50-54,G,Y,0,1
198,35,F,21-24,H,Y,0,1
199,24,M,65+,F,Y,0,1
200,40,F,30-34,I,Y,0,1
201,42,F,50-54,C,Y,0,1
202,3,F,50-54,U,N,0,1
203,22,F,40-44,F,N,0,1
204,21,M,21-24,U,Y,0,1
205,19,F,21-24,G,Y,0,1
206,11,F,35-39,F,Y,0,1
207,11,M,45-49,I,Y,0,1
208,18,M,30-34,G,Y,0,1
209,38,M,30-34,U,Y,0,1
210,52,M,55-59,F,Y,0,1
211,48,M,50-54,F,Y,0,1
212,6,F,00-20,U,Y,0,1
213,18,F,21-24,U,Y,0,1
214,1,M,40-44,U,N,1,0
215,24,F,60-64,U,Y,0,1
216,41,F,60-64,C,Y,0,1
217,36,F,55-59,A,Y,0,1
218,20,M,60-64,I,N,0,1
219,46,M,30-34,D,Y,0,1
220,5,M,50-54,H,N,0,1
221,18,F,50-54,I,Y,0,1
222,42,F,21-24,I,Y,0,1
223,1,M,55-59,F,N,0,1
224,52,F,45-49,H,Y,0,1
225,52,F,50-54,E,Y,0,1
226,22,M,35-39,H,Y,0,1
227,18,F,00-20,U,Y,0,1
228,14,F,60-64,G,Y,0,1
229,19,F,60-64,G,N,0,1
230,15,F,35-39,D,N,0,1
231,24,F,30-34,G,Y,0,1
232,35,F,45-49,I,Y,0,1
233,15,M,50-54,U,Y,0,1
234,3,M,55-59,U,Y,0,1
235,54,M,25-29,B,Y,0,1
236,36,F,55-59,F,Y,0,1
237,7,M,25-29,F,Y,0,1
238,47,M,55-59,F,Y,0,1
239,14,M,00-20,U,Y,0,1
240,6,F,30-34,D,Y,0,1
241,40,F,50-54,I,N,0,1
242,8,F,40-44,U,N,1,0
243,43,M,45-49,H,N,0,1
244,38,M,60-64,G,Y,0,1
245,30,F,35-39,F,Y,0,1
246,36,F,60-64,H,Y,0,1
247,28,F,40-44,I,Y,0,1
248,37,M,60-64,I,Y,0,1
249,7,F,00-20,U,Y,0,1
250,43,M,50-54,F,Y,0,1
251,38,M,25-29,F,Y,0,1
252,44,M,45-49,F,N,0,1
253,45,F,50-54,F,Y,0,1
254,7,F,50-54,G,N,0,1
255,23,F,25-29,H,Y,0,1
256,31,F,65+,U,Y,1,0
257,29,M,65+,I,Y,1,0
258,53,M,40-44,D,Y,0,1
259,57,M,30-34,H,Y,0,1
260,32,M,30-34,I,Y,0,1
261,32,M,25-29,F,Y,0,1
262,5,M,60-64,G,N,0,1
263,20,F,25-29,A,Y,0,1
264,41,M,45-49,G,Y,0,1
265,25,F,45-49,F,Y,0,1
266,3,F,35-39,U,Y,0,1
267,7,M,30-34,I,Y,0,1
268,32,M,60-64,C,Y,0,1
269,29,M,25-29,U,Y,0,1
270,37,F,25-29,U,Y,1,0
271,8,M,55-59,G,Y,0,1
272,40,M,55-59,H,N,0,1
273,35,M,55-59,H,Y,0,1
274,30,F,60-64,F,Y,0,1
275,16,M,21-24,U,Y,0,1
276,38,M,40-44,F,Y,0,1
277,42,M,50-54,I,Y,0,1
278,41,F,25-29,G,Y,0,1
279,47,F,45-49,G,Y,0,1
280,47,F,60-64,G,Y,0,1
281,6,M,21-24,E,Y,0,1
282,43,M,55-59,F,Y,0,1
283,38,M,40-44,I,Y,0,1
284,46,F,60-64,H,Y,0,1
285,23,F,60-64,F,Y,0,1
286,45,M,55-59,I,N,0,1
287,46,F,50-54,G,Y,0,1
288,19,M,60-64,A,Y,0,1
289,16,F,60-64,G,N,0,1
290,49,F,25-29,C,Y,1,0
291,19,M,35-39,I,Y,0,1
292,49,F,60-64,G,Y,0,1
293,39,F,40-44,F,Y,0,1
294,12,M,45-49,F,N,0,1
295,13,M,55-59,E,N,1,0
296,39,M,50-54,F,Y,0,1
297,39,F,60-64,D,Y,0,1
298,42,F,60-64,C,Y,0,1
299,20,F,21-24,H,Y,0,1
300,35,F,60-64,I,N,0,1
301,17,M,50-54,G,Y,0,1
302,45,M,40-44,G,Y,0,1
303,18,M,40-44,F,Y,0,1
304,30,M,60-64,H,Y,0,1
305,32,M,50-54,E,Y,0,1
306,58,M,45-49,F,Y,0,1
307,32,M,50-54,F,Y,0,1
308,6,F,25-29,F,Y,0,1
309,5,M,55-59,G,Y,0,1
310,21,M,40-44,F,Y,0,1
311,20,M,55-59,F,Y,0,1
312,21,M,21-24,G,Y,0,1
313,43,F,30-34,G,Y,0,1
314,36,F,45-49,F,Y,0,1
315,39,F,50-54,G,Y,0,1
316,40,F,60-64,F,Y,0,1
317,44,F,25-29,I,N,0,1
318,9,M,21-24,U,Y,0,1
319,23,M,50-54,F,Y,0,1
320,29,F,35-39,D,Y,0,1
321,51,F,50-54,F,Y,0,1
322,11,F,25-29,G,Y,0,1
323,30,M,60-64,G,N,0,1
324,26,M,50-54,D,Y,0,1
325,28,F,60-64,I,Y,0,1
326,56,F,45-49,I,Y,0,1
327,27,F,21-24,E,Y,0,1
328,5,M,60-64,E,N,0,1
329,8,F,25-29,H,Y,0,1
330,8,M,00-20,I,Y,0,1
331,5,M,00-20,U,Y,0,1
332,11,M,00-20,U,Y,1,0
333,33,M,35-39,D,Y,0,1
334,19,F,55-59,G,N,0,1
335,4,F,60-64,F,N,0,1
336,6,M,40-44,U,N,0,1
337,29,F,45-49,I,Y,0,1
338,2,F,60-64,U,N,1,0
339,24,F,45-49,F,N,0,1
340,4,M,45-49,U,N,1,0
341,15,M,55-59,H,N,0,1
342,30,F,60-64,H,Y,0,1
343,17,M,40-44,U,N,0,1
344,39,F,45-49,I,Y,0,1
345,29,M,25-29,F,Y,0,1
346,52,F,55-59,I,Y,0,1
347,30,M,55-59,G,Y,0,1
348,1,M,55-59,G,N,0,1
349,37,F,50-54,H,Y,0,1
350,22,M,25-29,I,Y,0,1
351,10,M,25-29,F,Y,0,1
352,30,F,25-29,F,Y,0,1
353,22,M,60-64,G,Y,0,1
354,21,M,55-59,U,Y,0,1
355,41,F,45-49,C,Y,0,1
356,11,M,21-24,G,Y,0,1
357,14,M,45-49,B,N,0,1
358,27,M,60-64,I,Y,0,1
359,60,F,50-54,I,Y,0,1
360,31,F,35-39,F,Y,0,1
361,44,F,45-49,H,Y,0,1
362,50,M,30-34,F,Y,0,1
363,22,M,35-39,U,Y,0,1
364,27,M,50-54,G,Y,0,1
365,26,M,21-24,F,Y,0,1
366,24,F,35-39,F,Y,0,1
367,41,M,60-64,E,N,0,1
368,27,F,55-59,I,Y,0,1
369,23,F,25-29,F,Y,0,1
370,17,M,60-64,I,N,0,1
371,30,M,50-54,H,N,0,1
372,14,M,40-44,G,Y,0,1
373,47,F,40-44,U,Y,0,1
374,11,F,55-59,E,N,0,1
375,43,M,30-34,H,Y,0,1
376,27,M,25-29,G,Y,0,1
377,16,F,00-20,G,Y,0,1
378,25,M,25-29,F,Y,0,1
379,6,F,35-39,H,Y,0,1
380,35,F,25-29,E,Y,0,1
381,22,M,25-29,I,Y,0,1
382,27,M,60-64,D,Y,0,1
383,6,F,00-20,F,Y,0,1
384,31,F,45-49,F,N,0,1
385,13,M,30-34,F,Y,0,1
386,46,M,55-59,H,Y,0,1
387,30,M,60-64,F,Y,0,1
388,2,M,50-54,U,Y,0,1
389,34,M,45-49,H,Y,0,1
390,54,M,30-34,G,Y,0,1
391,20,F,55-59,U,Y,0,1
392,21,M,25-29,U,Y,0,1
393,23,M,45-49,F,N,0,1
394,41,M,40-44,H,N,0,1
395,24,M,30-34,C,Y,0,1
396,30,F,21-24,B,Y,0,1
397,11,M,30-34,C,Y,0,1
398,30,F,45-49,H,Y,0,1
399,3,F,60-64,I,Y,0,1
400,27,F,40-44,I,Y,0,1
401,40,M,25-29,G,Y,0,1
402,9,M,35-39,U,Y,0,1
403,6,F,30-34,G,Y,0,1
404,22,F,60-64,G,Y,0,1
405,28,F,65+,F,Y,0,1
406,48,M,30-34,I,Y,0,1
407,53,M,60-64,G,Y,0,1
408,9,M,21-24,U,Y,1,0
409,2,M,55-59,I,N,0,1
410,31,F,55-59,G,N,0,1
411,3,F,60-64,F,Y,0,1
412,18,M,40-44,U,Y,0,1
413,7,F,25-29,U,Y,0,1
414,3,F,55-59,I,N,0,1
415,11,M,00-20,U,Y,0,1
416,32,F,60-64,A,Y,0,1
417,22,F,50-54,I,Y,0,1
418,4,M,50-54,H,N,0,1
419,8,F,55-59,H,Y,0,1
420,60,M,65+,B,Y,1,0
421,31,F,25-29,U,Y,0,1
422,56,M,25-29,I,Y,0,1
423,26,M,65+,U,Y,0,1
424,24,M,25-29,G,Y,0,1
425,24,M,40-44,I,Y,0,1
426,12,F,00-20,I,Y,0,1
427,39,F,55-59,I,N,0,1
428,3,M,60-64,H,N,0,1
429,27,F,45-49,H,Y,0,1
430,31,M,35-39,D,N,0,1
431,51,F,45-49,G,Y,0,1
432,33,F,60-64,G,Y,0,1
433,33,M,65+,G,Y,0,1
434,9,F,35-39,F,N,0,1
435,24,M,25-29,F,Y,0,1
436,45,F,50-54,C,N,0,1
437,20,M,40-44,D,N,0,1
438,13,F,60-64,I,N,0,1
439,14,M,25-29,F,Y,0,1
440,42,M,60-64,I,Y,0,1
441,15,M,60-64,F,N,0,1
442,31,F,45-49,U,Y,0,1
443,12,F,40-44,G,N,0,1
444,21,F,21-24,U,Y,0,1
445,15,F,35-39,F,Y,0,1
446,36,F,60-64,D,Y,0,1
447,11,F,40-44,U,Y,0,1
448,29,F,40-44,E,Y,0,1
449,49,M,25-29,I,Y,0,1
450,20,F,00-20,U,Y,0,1
451,34,F,30-34,F,N,0,1
452,4,F,55-59,F,N,0,1
453,18,M,60-64,C,Y,0,1
454,9,M,40-44,H,Y,0,1
455,20,F,25-29,G,N,0,1
456,39,M,40-44,C,Y,0,1
457,52,M,55-59,F,Y,0,1
458,19,F,30-34,F,Y,0,1
459,5,M,40-44,F,N,0,1
460,57,M,50-54,G,Y,0,1
461,37,F,21-24,F,Y,0,1
462,9,F,55-59,F,N,0,1
463,57,M,60-64,F,Y,0,1
464,8,F,21-24,U,Y,0,1
465,31,M,40-44,D,N,0,1
466,33,F,50-54,E,Y,0,1
467,20,M,40-44,U,Y,0,1
468,16,F,55-59,I,N,0,1
469,36,M,21-24,D,Y,0,1
470,2,M,45-49,F,Y,0,1
471,4,M,50-54,I,N,0,1
472,2,F,60-64,U,N,0,1
473,39,F,55-59,C,Y,0,1
474,10,F,60-64,F,N,0,1
475,6,M,21-24,G,Y,0,1
476,33,F,45-49,G,N,0,1
477,44,M,50-54,U,N,0,1
478,46,M,50-54,G,Y,0,1
479,17,F,55-59,F,N,0,1
480,4,F,45-49,D,N,0,1
481,11,M,50-54,E,N,0,1
482,25,M,50-54,A,N,0,1
483,12,M,45-49,I,N,0,1
484,1,M,50-54,U,N,0,1
485,46,M,25-29,I,Y,0,1
486,29,F,50-54,F,Y,0,1
487,28,F,65+,F,N,0,1
488,48,F,60-64,I,Y,0,1
489,58,F,60-64,F,Y,0,1
490,50,M,45-49,H,Y,0,1
491,4,F,21-24,H,Y,0,1
492,36,M,55-59,G,Y,0,1
493,55,M,60-64,F,Y,0,1
494,25,F,30-34,G,Y,0,1
495,38,M,40-44,F,N,0,1
496,8,M,21-24,F,Y,0,1
497,31,F,25-29,U,Y,0,1
498,43,F,65+,F,Y,0,1
499,30,M,60-64,G,Y,0,1
500,26,F,30-34,D,N,0,1
501,21,F,55-59,F,Y,0,1
502,12,M,55-59,U,Y,0,1
503,30,F,60-64,I,Y,0,1
504,30,F,21-24,I,Y,0,1
505,36,M,55-59,I,N,0,1
506,28,M,45-49,D,N,0,1
507,18,F,60-64,I,N,0,1
508,24,F,60-64,H,N,0,1
509,41,M,25-29,F,Y,0,1
510,9,F,50-54,I,Y,0,1
511,30,M,50-54,F,Y,0,1
512,24,F,40-44,I,Y,0,1
513,6,F,45-49,I,Y,0,1
514,49,M,30-34,G,Y,0,1
515,27,M,45-49,F,Y,0,1
516,49,F,50-54,I,Y,0,1
517,31,F,45-49,I,Y,0,1
518,50,M,45-49,G,Y,0,1
519,4,F,55-59,U,N,1,0
520,44,M,55-59,G,Y,0,1
521,50,M,21-24,H,Y,0,1
522,23,M,25-29,F,Y,0,1
523,19,F,60-64,I,Y,0,1
524,6,F,21-24,U,Y,0,1
525,39,F,45-49,A,Y,0,1
526,26,F,55-59,U,N,0,1
527,15,M,25-29,H,Y,0,1
528,2,M,40-44,U,N,0,1
529,15,F,50-54,U,Y,0,1
530,22,M,60-64,F,Y,0,1
531,9,M,45-49,G,N,0,1
532,32,M,55-59,B,Y,0,1
533,3,M,55-59,U,N,0,1
534,41,F,55-59,F,Y,0,1
535,41,M,40-44,H,N,0,1
536,47,F,45-49,E,Y,0,1
537,1,M,25-29,U,Y,0,1
538,48,M,45-49,G,Y,0,1
539,40,M,25-29,H,Y,0,1
540,20,F,60-64,H,N,0,1
541,10,F,40-44,U,Y,0,1
542,23,F,21-24,U,Y,0,1
543,30,M,30-34,F,Y,0,1
544,18,M,55-59,I,Y,0,1
545,42,F,60-64,D,Y,0,1
546,13,F,21-24,F,Y,0,1
547,45,F,55-59,G,Y,0,1
548,50,M,55-59,G,Y,0,1
549,13,M,21-24,H,Y,0,1
550,7,F,50-54,I,Y,0,1
551,20,M,60-64,I,Y,0,1
552,27,F,21-24,U,Y,0,1
553,32,M,50-54,I,N,0,1
554,23,F,50-54,H,N,0,1
555,40,F,25-29,I,Y,0,1
556,19,M,21-24,F,Y,0,1
557,33,M,25-29,F,Y,1,0
558,26,F,50-54,I,N,0,1
559,27,F,60-64,F,Y,0,1
560,34,M,40-44,H,Y,0,1
561,8,M,00-20,U,Y,0,1
562,25,M,60-64,F,Y,0,1
563,3,F,55-59,H,Y,0,1
564,3,F,60-64,F,Y,0,1
565,49,F,60-64,I,N,0,1
566,54,F,30-34,A,Y,0,1
567,7,M,25-29,H,Y,0,1
568,27,M,00-20,H,Y,1,0
569,48,M,25-29,H,Y,0,1
570,29,M,25-29,A,Y,0,1
571,24,F,65+,U,Y,1,0
572,4,M,50-54,G,N,0,1
573,18,M,55-59,H,Y,0,1
574,41,M,40-44,F,N,0,1
575,30,M,60-64,I,Y,0,1
576,3,M,50-54,F,N,0,1
577,5,M,55-59,I,N,1,0
578,6,F,60-64,G,Y,0,1
579,53,M,40-44,F,Y,0,1
580,24,F,55-59,I,Y,0,1
581,4,F,45-49,F,N,0,1
582,18,M,55-59,I,N,0,1
583,20,M,55-59,H,N,0,1
584,9,M,21-24,U,Y,0,1
585,22,F,25-29,E,Y,0,1
586,32,F,60-64,F,Y,0,1
587,6,F,60-64,C,N,0,1
588,29,F,30-34,G,Y,0,1
589,35,M,60-64,U,Y,0,1
590,9,F,25-29,U,Y,0,1
591,24,F,25-29,I,Y,0,1
592,23,F,45-49,U,Y,0,1
593,60,M,60-64,F,Y,1,0
594,3,M,60-64,I,Y,0,1
595,3,M,55-59,U,N,0,1
596,2,F,21-24,U,Y,0,1
597,12,F,45-49,U,N,0,1
598,26,F,25-29,G,Y,0,1
599,39,M,25-29,I,Y,0,1
600,27,M,45-49,D,Y,0,1
601,31,M,21-24,U,Y,0,1
602,35,F,25-29,G,Y,0,1
603,40,F,40-44,G,Y,0,1
604,33,M,50-54,G,N,0,1
605,25,M,60-64,G,N,0,1
606,10,M,25-29,B,Y,0,1
607,16,F,60-64,D,N,0,1
608,5,F,30-34,U,Y,0,1
609,5,F,60-64,F,N,0,1
610,30,M,60-64,H,N,1,0
611,20,M,60-64,H,N,0,1
612,15,F,65+,D,Y,0,1
613,27,F,50-54,G,Y,0,1
614,25,M,65+,U,Y,1,0
615,9,F,21-24,I,Y,0,1
616,27,F,60-64,U,N,0,1
617,41,M,21-24,I,Y,0,1
618,35,F,45-49,I,N,0,1
619,23,M,21-24,E,Y,0,1
620,50,M,40-44,I,Y,0,1
621,41,F,60-64,I,N,0,1
622,27,F,35-39,G,Y,0,1
623,60,M,55-59,H,Y,1,0
624,44,F,60-64,B,Y,0,1
625,15,M,21-24,U,Y,0,1
626,8,M,45-49,I,N,0,1
627,13,M,30-34,F,N,0,1
628,19,F,65+,H,Y,0,1
629,2,F,60-64,H,Y,0,1
630,21,F,55-59,H,Y,0,1
631,57,M,50-54,G,Y,0,1
632,47,M,50-54,A,Y,0,1
633,8,M,21-24,I,Y,0,1
634,19,F,25-29,H,Y,0,1
635,54,M,65+,H,Y,0,1
636,51,F,45-49,A,Y,0,1
637,20,M,40-44,U,Y,0,1
638,38,F,60-64,F,Y,0,1
639,1,M,55-59,U,N,0,1
640,18,F,30-34,G,Y,0,1
641,1,M,60-64,U,N,0,1
642,6,M,45-49,I,Y,0,1
643,40,F,50-54,F,Y,0,1
644,43,M,60-64,I,Y,0,1
645,51,F,30-34,C,Y,0,1
646,2,F,55-59,G,N,0,1
647,4,M,25-29,D,Y,0,1
648,36,M,60-64,U,Y,0,1
649,26,F,65+,U,N,0,1
650,31,M,30-34,G,Y,0,1
651,39,F,40-44,H,Y,0,1
652,33,F,60-64,B,Y,0,1
653,24,M,40-44,F,Y,0,1
654,24,M,60-64,G,Y,0,1
655,16,F,55-59,F,Y,0,1
656,1,M,21-24,H,Y,0,1
657,7,F,50-54,E,N,0,1
658,2,F,65+,B,Y,0,1
659,17,M,55-59,U,Y,0,1
660,10,F,21-24,U,N,0,1
661,20,F,55-59,U,Y,1,0
662,13,F,65+,U,Y,1,0
663,9,F,40-44,F,Y,0,1
664,35,M,35-39,H,Y,0,1
665,54,F,45-49,I,Y,0,1
666,7,M,40-44,U,Y,0,1
667,53,F,55-59,I,Y,0,1
668,31,M,55-59,A,Y,0,1
669,29,F,60-64,I,Y,0,1
670,9,M,25-29,U,Y,0,1
671,23,M,50-54,C,Y,0,1
672,31,M,60-64,I,Y,0,1
673,48,M,50-54,D,N,0,1
674,24,F,50-54,U,N,0,1
675,52,F,45-49,F,Y,0,1
676,34,M,60-64,I,Y,0,1
677,16,M,50-54,I,Y,0,1
678,25,F,25-29,F,Y,0,1
679,29,F,35-39,G,Y,1,0
680,18,F,60-64,E,Y,0,1
681,30,F,40-44,D,N,0,1
682,22,M,40-44,E,Y,0,1
683,43,M,35-39,I,Y,0,1
684,17,F,25-29,B,Y,0,1
685,20,F,25-29,E,Y,0,1
686,12,M,25-29,F,Y,0,1
687,28,F,40-44,U,Y,0,1
688,35,M,50-54,F,N,0,1
689,14,M,45-49,F,Y,0,1
690,20,M,25-29,F,Y,0,1
691,12,M,25-29,I,Y,0,1
692,43,M,55-59,E,Y,0,1
693,35,M,45-49,U,Y,0,1
694,27,F,55-59,B,Y,0,1
695,6,F,60-64,F,N,0,1
696,56,M,45-49,I,Y,0,1
697,13,M,60-64,G,N,0,1
698,10,M,60-64,H,Y,0,1
699,21,F,60-64,D,Y,0,1
700,15,M,60-64,I,N,0,1
701,28,F,50-54,B,N,0,1
702,29,F,40-44,I,Y,0,1
703,40,F,35-39,U,Y,0,1
704,21,M,60-64,D,N,0,1
705,50,M,45-49,I,Y,0,1
706,14,F,60-64,U,Y,0,1
707,3,M,25-29,I,Y,0,1
708,24,M,50-54,G,Y,0,1
709,40,M,55-59,F,Y,0,1
710,30,F,30-34,U,Y,0,1
711,1,M,21-24,G,Y,0,1
712,22,F,25-29,C,N,0,1
713,50,M,65+,I,Y,0,1
714,4,F,50-54,E,N,0,1
715,28,M,45-49,I,N,0,1
716,19,M,40-44,F,N,0,1
717,38,F,21-24,U,Y,0,1
718,33,M,40-44,G,Y,0,1
719,48,M,45-49,I,Y,0,1
720,1,M,00-20,H,N,0,1
721,26,F,40-44,I,Y,0,1
722,19,M,25-29,H,Y,0,1
723,21,F,35-39,F,Y,0,1
724,26,M,65+,U,Y,0,1
725,34,F,60-64,G,Y,0,1
726,36,F,60-64,F,Y,0,1
727,22,M,35-39,F,Y,0,1
728,24,F,25-29,H,Y,0,1
729,48,F,35-39,U,Y,0,1
730,25,M,21-24,U,Y,0,1
731,45,F,55-59,G,Y,0,1
732,46,F,25-29,D,Y,0,1
733,32,M,25-29,A,Y,0,1
734,7,F,55-59,F,N,0,1
735,20,M,40-44,H,Y,0,1
736,20,M,45-49,I,N,0,1
737,3,M,50-54,B,Y,0,1
738,35,F,25-29,E,Y,0,1
739,18,F,40-44,U,Y,0,1
740,21,M,60-64,F,Y,0,1
741,46,M,60-64,B,Y,0,1
742,16,M,40-44,H,Y,0,1
743,22,M,55-59,B,Y,0,1
744,5,M,35-39,U,N,0,1
745,25,M,40-44,E,Y,0,1
746,30,F,40-44,H,Y,0,1
747,34,M,55-59,D,N,0,1
748,22,F,25-29,U,Y,1,0
749,12,F,21-24,H,Y,0,1
750,52,M,55-59,F,Y,0,1
751,13,M,30-34,E,Y,0,1
752,30,M,55-59,I,Y,0,1
753,28,F,25-29,F,N,1,0
754,21,F,35-39,U,Y,0,1
755,6,F,45-49,G,N,0,1
756,13,F,21-24,H,Y,1,0
757,46,F,25-29,F,Y,0,1
758,33,M,50-54,F,N,0,1
759,9,M,65+,I,N,0,1
760,34,M,50-54,G,N,0,1
761,25,M,45-49,U,Y,0,1
762,26,M,55-59,F,Y,0,1
763,22,F,45-49,U,Y,0,1
764,22,M,25-29,F,Y,0,1
765,10,F,00-20,F,Y,0,1
766,19,F,45-49,I,Y,0,1
767,28,M,55-59,I,Y,0,1
768,57,F,25-29,C,Y,0,1
769,10,F,35-39,G,N,0,1
770,1,F,40-44,U,N,0,1
771,20,M,60-64,F,Y,0,1
772,31,M,55-59,G,Y,0,1
773,38,M,60-64,C,Y,0,1
774,8,M,21-24,H,Y,0,1
775,50,F,50-54,F,Y,0,1
776,13,M,55-59,H,Y,0,1
777,42,M,60-64,I,Y,0,1
778,31,M,45-49,G,Y,0,1
779,19,M,45-49,E,Y,0,1
780,18,F,55-59,F,N,0,1
781,44,M,55-59,F,Y,0,1
782,36,F,55-59,I,Y,0,1
783,28,F,50-54,G,N,0,1
784,4,M,30-34,U,N,0,1
785,27,F,60-64,F,Y,0,1
786,3,M,35-39,U,Y,0,1
787,29,F,30-34,U,Y,0,1
788,5,F,25-29,H,N,0,1
789,5,F,35-39,U,N,0,1
790,6,F,25-29,F,Y,0,1
791,23,M,55-59,H,Y,0,1
792,18,F,60-64,F,Y,0,1
793,22,M,21-24,G,Y,0,1
794,40,M,55-59,G,Y,1,0
795,9,M,45-49,I,Y,0,1
796,7,M,50-54,H,N,0,1
797,15,M,55-59,I,N,1,0
798,51,M,60-64,B,Y,0,1
799,33,F,55-59,E,Y,0,1
800,3,M,55-59,H,N,0,1
801,25,F,40-44,U,Y,0,1
802,31,M,60-64,U,Y,0,1
803,38,M,45-49,I,N,0,1
804,4,M,60-64,D,N,0,1
805,51,F,30-34,F,Y,0,1
806,34,M,45-49,H,Y,0,1
807,21,F,55-59,U,Y,0,1
808,55,F,40-44,F,Y,0,1
809,38,M,25-29,F,Y,0,1
810,32,M,55-59,G,Y,0,1
811,1,F,00-20,U,N,0,1
812,29,M,50-54,I,N,0,1
813,39,F,45-49,F,N,0,1
814,36,M,60-64,H,Y,0,1
815,3,M,60-64,E,N,0,1
816,45,M,35-39,D,Y,0,1
817,27,F,60-64,U,Y,0,1
818,30,M,45-49,F,Y,0,1
819,20,M,25-29,U,Y,0,1
820,24,M,60-64,U,Y,0,1
821,10,F,60-64,F,N,0,1
822,22,F,21-24,F,Y,0,1
823,25,F,60-64,C,N,0,1
824,21,M,25-29,I,Y,0,1
825,21,F,35-39,U,Y,1,0
826,5,F,60-64,U,Y,0,1
827,17,M,40-44,F,N,1,0
828,18,F,35-39,U,Y,0,1
829,19,M,45-49,G,N,0,1
830,57,F,55-59,I,Y,0,1
831,17,M,25-29,C,Y,0,1
832,19,M,40-44,G,N,0,1
833,2,F,21-24,U,Y,0,1
834,38,F,55-59,H,Y,0,1
835,1,M,55-59,U,N,0,1
836,28,F,45-49,D,Y,0,1
837,39,M,45-49,G,N,0,1
838,23,M,30-34,F,Y,0,1
839,47,F,60-64,I,Y,0,1
840,24,F,45-49,U,Y,0,1
841,15,F,50-54,G,N,0,1
842,12,F,50-54,U,N,0,1
843,18,F,55-59,F,N,0,1
844,16,F,45-49,F,Y,0,1
845,45,M,25-29,F,Y,0,1
846,10,F,21-24,G,Y,0,1
847,16,F,25-29,U,Y,0,1
848,23,F,65+,U,N,0,1
849,12,F,60-64,U,Y,0,1
850,43,F,30-34,U,Y,0,1
851,23,M,65+,G,N,1,0
852,9,M,50-54,E,N,0,1
853,13,M,21-24,U,Y,0,1
854,20,F,50-54,I,Y,0,1
855,33,M,45-49,I,Y,0,1
856,18,M,35-39,U,Y,0,1
857,33,M,45-49,F,Y,0,1
858,42,M,50-54,G,Y,0,1
859,32,M,60-64,G,Y,0,1
860,45,M,60-64,D,Y,0,1
861,2,M,45-49,F,Y,0,1
862,32,F,60-64,F,N,0,1
863,8,M,55-59,U,Y,0,1
864,32,F,30-34,D,N,0,1
865,5,M,55-59,F,N,0,1
866,15,F,21-24,U,Y,0,1
867,21,F,30-34,U,Y,0,1
868,11,M,40-44,E,Y,0,1
869,13,F,60-64,E,N,0,1
870,46,F,25-29,H,Y,0,1
871,45,F,60-64,E,Y,0,1
872,20,F,25-29,G,N,0,1
873,32,M,60-64,I,Y,0,1
874,2,F,50-54,E,N,0,1
875,14,M,50-54,I,N,0,1
876,11,F,50-54,F,N,0,1
877,17,M,21-24,H,Y,0,1
878,5,M,25-29,U,Y,0,1
879,30,M,40-44,E,Y,0,1
880,53,M,55-59,F,Y,0,1
881,35,M,45-49,I,Y,0,1
882,18,F,60-64,B,Y,0,1
883,21,M,35-39,H,Y,0,1
884,21,F,50-54,H,Y,0,1
885,34,F,40-44,F,Y,0,1
886,27,F,50-54,I,Y,0,1
887,48,M,55-59,F,Y,0,1
888,40,F,25-29,H,Y,0,1
889,27,M,60-64,U,Y,0,1
890,40,M,60-64,U,Y,1,0
891,52,M,30-34,F,Y,0,1
892,7,M,25-29,U,Y,0,1
893,11,F,30-34,U,N,0,1
894,9,M,50-54,H,N,0,1
895,9,F,60-64,D,N,0,1
896,37,M,45-49,H,Y,0,1
897,10,M,21-24,D,Y,0,1
898,45,F,65+,E,N,1,0
899,46,M,35-39,G,Y,0,1
900,14,M,30-34,I,Y,0,1
901,1,M,55-59,I,N,0,1
902,23,F,30-34,G,Y,0,1
903,11,F,21-24,I,Y,0,1
904,21,F,35-39,G,N,0,1
905,3,F,60-64,U,N,0,1
906,11,F,55-59,G,N,0,1
907,23,M,55-59,I,Y,0,1
908,24,M,30-34,I,Y,0,1
909,57,F,30-34,G,Y,0,1
910,36,M,65+,D,Y,0,1
911,26,M,25-29,F,Y,0,1
912,32,M,40-44,D,Y,0,1
913,19,M,50-54,A,Y,0,1
914,32,M,45-49,G,N,1,0
915,18,M,50-54,C,Y,0,1
916,5,F,25-29,F,N,0,1
917,26,M,30-34,G,Y,0,1
918,15,M,50-54,U,Y,0,1
919,44,M,35-39,G,Y,0,1
920,28,M,55-59,G,N,0,1
921,8,F,35-39,H,Y,0,1
922,40,M,55-59,F,Y,0,1
923,31,F,60-64,D,Y,0,1
924,4,M,21-24,U,Y,0,1
925,42,M,45-49,G,Y,0,1
926,38,M,50-54,F,Y,0,1
927,43,F,50-54,A,Y,0,1
928,27,F,30-34,I,Y,0,1
929,52,M,45-49,F,Y,0,1
930,22,M,50-54,U,Y,0,1
931,10,M,35-39,H,Y,0,1
932,24,M,25-29,E,Y,0,1
933,31,F,55-59,I,Y,0,1
934,43,M,25-29,H,Y,0,1
935,6,F,60-64,D,Y,0,1
936,35,M,50-54,A,Y,0,1
937,14,F,45-49,I,Y,0,1
938,33,M,60-64,C,Y,0,1
939,6,F,21-24,U,Y,0,1
940,14,M,55-59,G,Y,0,1
941,22,F,21-24,C,Y,0,1
942,9,F,50-54,I,N,0,1
943,22,F,25-29,F,Y,0,1
944,21,M,35-39,H,N,0,1
945,28,M,50-54,E,N,0,1
946,27,F,35-39,H,Y,0,1
947,28,M,65+,H,N,0,1
948,38,F,60-64,G,Y,0,1
949,10,M,40-44,G,Y,0,1
950,2,F,60-64,E,Y,0,1
951,10,M,30-34,U,Y,0,1
952,14,M,50-54,B,N,0,1
953,7,M,55-59,F,N,0,1
954,47,M,60-64,G,Y,0,1
955,43,F,30-34,F,Y,0,1
956,20,M,25-29,G,Y,0,1
957,3,F,21-24,U,Y,0,1
958,21,F,50-54,U,Y,0,1
959,15,F,21-24,I,Y,0,1
960,47,M,60-64,H,Y,0,1
961,9,M,50-54,U,Y,0,1
962,56,M,60-64,E,Y,0,1
963,46,F,35-39,U,N,0,1
964,54,M,25-29,F,Y,0,1
965,51,F,60-64,F,Y,0,1
966,41,F,50-54,E,Y,0,1
967,46,F,65+,F,Y,0,1
968,4,M,45-49,F,N,0,1
969,53,F,25-29,F,Y,0,1
970,7,M,25-29,F,Y,0,1
971,23,M,60-64,D,N,0,1
972,3,F,55-59,G,Y,0,1
973,18,F,50-54,G,Y,0,1
974,21,M,50-54,F,Y,0,1
975,55,F,30-34,H,Y,0,1
976,16,M,40-44,E,N,0,1
977,4,F,60-64,E,N,0,1
978,4,F,25-29,E,N,0,1
979,41,M,40-44,G,Y,0,1
980,50,M,45-49,H,Y,1,0
981,3,F,60-64,E,N,0,1
982,25,M,30-34,I,Y,0,1
983,35,M,25-29,U,Y,0,1
984,8,F,30-34,U,N,0,1
985,27,F,55-59,E,N,0,1
986,22,M,25-29,H,Y,0,1
987,6,F,65+,I,Y,0,1
988,50,F,60-64,F,Y,0,1
989,14,M,21-24,G,Y,0,1
990,17,M,35-39,F,Y,0,1
991,48,M,60-64,F,Y,0,1
992,22,F,45-49,F,Y,0,1
993,19,F,21-24,E,N,0,1
994,19,M,35-39,I,Y,0,1
995,37,M,25-29,G,Y,0,1
996,39,F,30-34,G,Y,0,1
997,34,M,40-44,F,Y,0,1
998,26,F,50-54,H,Y,0,1
999,41,M,65+,F,Y,0,1
1000,5,M,50-54,F,N,0,1
1001,19,M,50-54,D,N,0,1
1002,9,M,45-49,H,Y,0,1
1003,41,M,45-49,I,Y,0,1
1004,42,M,55-59,H,Y,0,1
1005,5,M,35-39,D,Y,0,1
1006,41,F,25-29,C,Y,1,0
1007,11,M,55-59,U,N,0,1
1008,40,F,60-64,I,Y,0,1
1009,8,F,40-44,H,Y,0,1
1010,26,F,50-54,I,N,0,1
1011,32,M,25-29,D,Y,0,1
1012,4,F,60-64,C,N,0,1
1013,27,M,60-64,H,N,0,1
1014,26,M,60-64,H,Y,0,1
1015,44,M,30-34,F,Y,0,1
1016,3,F,45-49,B,Y,0,1
1017,9,M,25-29,H,Y,0,1
1018,28,M,35-39,F,Y,0,1
1019,37,M,35-39,U,N,0,1
1020,8,M,25-29,E,Y,0,1
1021,20,F,40-44,F,Y,0,1
1022,1,M,21-24,U,Y,0,1
1023,37,F,25-29,I,Y,0,1
1024,19,M,50-54,U,Y,0,1
1025,49,M,25-29,F,Y,0,1
1026,46,M,60-64,H,Y,0,1
1027,15,M,25-29,F,Y,0,1
1028,43,F,40-44,H,Y,0,1
1029,1,M,30-34,U,Y,0,1
1030,9,M,50-54,G,N,0,1
1031,17,M,25-29,F,Y,0,1
1032,12,F,55-59,D,N,1,0
1033,13,M,21-24,F,N,0,1
1034,2,M,45-49,I,N,0,1
1035,10,M,40-44,F,Y,0,1
1036,22,F,55-59,D,Y,0,1
1037,23,M,55-59,G,Y,0,1
1038,22,F,25-29,F,Y,0,1
1039,10,F,55-59,I,Y,0,1
1040,29,F,25-29,U,Y,0,1
1041,24,M,25-29,U,Y,0,1
1042,8,F,21-24,I,Y,0,1
1043,20,M,25-29,I,Y,0,1
1044,23,F,25-29,U,Y,0,1
1045,10,F,60-64,U,Y,0,1
1046,45,M,55-59,F,N,0,1
1047,29,F,55-59,I,Y,0,1
1048,42,M,55-59,G,Y,0,1
1049,15,M,50-54,I,Y,0,1
1050,12,M,21-24,G,Y,0,1
1051,20,F,60-64,C,Y,0,1
1052,38,M,25-29,U,Y,0,1
1053,20,M,30-34,F,Y,0,1
1054,21,M,55-59,H,N,0,1
1055,28,F,30-34,U,Y,0,1
1056,21,F,60-64,E,Y,0,1
1057,5,F,25-29,F,Y,0,1
1058,49,M,25-29,F,Y,0,1
1059,4,M,60-64,G,N,0,1
1060,25,F,60-64,U,N,0,1
1061,49,M,35-39,H,Y,0,1
1062,22,F,55-59,F,Y,0,1
1063,4,F,60-64,U,Y,0,1
1064,16,F,35-39,H,Y,0,1
1065,24,M,60-64,U,Y,0,1
1066,20,F,25-29,U,Y,0,1
1067,22,F,60-64,U,Y,0,1
1068,36,F,60-64,A,Y,0,1
1069,29,F,21-24,C,Y,0,1
1070,29,F,60-64,E,Y,0,1
1071,2,M,25-29,U,Y,0,1
1072,27,M,45-49,U,Y,0,1
1073,15,M,35-39,B,Y,0,1
1074,16,M,25-29,G,Y,0,1
1075,10,M,60-64,U,Y,0,1
1076,22,F,60-64,F,Y,0,1
1077,17,M,25-29,B,Y,0,1
1078,15,F,60-64,U,N,0,1
1079,7,M,60-64,F,Y,0,1
1080,5,F,45-49,G,N,0,1
1081,33,F,25-29,G,Y,0,1
1082,32,F,60-64,E,Y,0,1
1083,16,M,40-44,I,Y,0,1
1084,3,M,35-39,U,Y,0,1
1085,37,M,21-24,U,Y,0,1
1086,42,M,30-34,I,Y,0,1
1087,5,F,00-20,C,Y,0,1
1088,42,M,40-44,G,Y,0,1
1089,25,F,40-44,E,Y,0,1
1090,29,F,65+,F,N,1,0
1091,2,M,21-24,U,Y,0,1
1092,17,M,45-49,I,Y,0,1
1093,14,M,35-39,U,Y,0,1
1094,42,M,50-54,G,Y,0,1
1095,9,F,25-29,F,Y,0,1
1096,38,M,45-49,H,Y,0,1
1097,57,F,50-54,F,Y,0,1
1098,35,F,40-44,I,Y,0,1
1099,13,F,50-54,C,N,0,1
1100,29,F,21-24,U,Y,0,1
1101,6,M,50-54,G,Y,0,1
1102,20,M,40-44,I,Y,0,1
1103,58,F,50-54,E,N,0,1
1104,1,M,30-34,U,N,0,1
1105,26,M,40-44,C,Y,0,1
1106,44,F,60-64,G,Y,0,1
1107,10,F,21-24,H,Y,0,1
1108,40,M,55-59,E,Y,0,1
1109,55,M,35-39,F,Y,0,1
1110,47,M,40-44,G,Y,0,1
1111,22,M,50-54,G,N,0,1
1112,16,M,55-59,H,N,0,1
1113,44,M,25-29,G,Y,0,1
1114,4,M,50-54,I,N,0,1
1115,7,M,25-29,F,Y,0,1
1116,3,M,45-49,F,N,0,1
1117,47,M,25-29,C,Y,0,1
1118,4,F,40-44,H,N,0,1
1119,10,M,45-49,U,Y,0,1
1120,42,F,50-54,H,Y,0,1
1121,2,M,60-64,C,N,0,1
1122,17,F,55-59,U,Y,0,1
1123,2,M,50-54,E,Y,0,1
1124,5,M,25-29,F,Y,0,1
1125,20,F,60-64,H,Y,0,1
1126,20,M,40-44,F,Y,0,1
1127,36,M,21-24,U,Y,1,0
1128,53,F,45-49,I,Y,0,1
1129,31,F,45-49,D,Y,0,1
1130,42,F,55-59,A,Y,0,1
1131,1,F,35-39,F,N,0,1
1132,15,F,35-39,F,Y,0,1
1133,16,M,50-54,C,N,0,1
1134,14,F,35-39,G,Y,0,1
1135,4,F,55-59,U,N,0,1
1136,48,F,65+,F,Y,0,1
1137,43,F,60-64,H,Y,0,1
1138,40,F,60-64,U,Y,0,1
1139,56,F,25-29,F,Y,0,1
1140,3,F,00-20,E,Y,0,1
1141,23,M,50-54,I,N,0,1
1142,47,F,30-34,F,Y,0,1
1143,38,F,30-34,E,Y,0,1
1144,40,M,30-34,G,Y,0,1
1145,43,M,50-54,G,Y,0,1
1146,54,F,45-49,D,Y,0,1
1147,8,F,21-24,F,Y,0,1
1148,41,F,60-64,I,Y,1,0
1149,33,M,60-64,F,Y,0,1
1150,28,F,55-59,U,Y,1,0
1151,16,F,65+,E,N,0,1
1152,10,M,25-29,H,Y,0,1
1153,36,M,50-54,G,Y,0,1
1154,32,M,55-59,G,Y,0,1
1155,1,M,00-20,U,Y,0,1
1156,8,F,60-64,G,N,0,1
1157,9,M,35-39,F,Y,0,1
1158,11,M,60-64,G,N,0,1
1159,24,F,60-64,G,Y,0,1
1160,5,F,60-64,F,N,0,1
1161,13,F,25-29,E,Y,0,1
1162,9,M,50-54,G,N,0,1
1163,43,M,50-54,D,Y,0,1
1164,21,M,25-29,F,Y,0,1
1165,22,F,30-34,U,Y,0,1
1166,19,F,30-34,U,Y,0,1
1167,28,F,60-64,F,Y,0,1
1168,20,M,60-64,U,Y,0,1
1169,31,M,55-59,A,Y,0,1
1170,3,M,21-24,H,Y,0,1
1171,1,F,45-49,G,Y,0,1
1172,28,F,25-29,I,Y,0,1
1173,13,M,35-39,H,N,0,1
1174,28,M,25-29,F,Y,0,1
1175,10,M,25-29,F,Y,0,1
1176,53,F,55-59,G,N,1,0
1177,14,F,60-64,A,Y,0,1
1178,23,F,21-24,U,Y,0,1
1179,10,M,60-64,U,N,0,1
1180,20,M,30-34,D,Y,0,1
1181,2,M,40-44,U,Y,0,1
1182,30,F,25-29,D,Y,0,1
1183,36,F,55-59,H,Y,0,1
1184,11,F,21-24,U,Y,0,1
1185,57,M,30-34,E,Y,0,1
1186,44,F,50-54,H,Y,0,1
1187,1,F,55-59,H,Y,0,1
1188,10,M,35-39,U,Y,0,1
1189,49,M,50-54,H,Y,0,1
1190,21,F,55-59,U,Y,0,1
1191,9,M,25-29,G,Y,0,1
1192,47,M,45-49,D,N,0,1
1193,22,M,21-24,I,Y,0,1
1194,10,M,40-44,U,N,0,1
1195,29,F,40-44,E,Y,0,1
1196,14,M,40-44,F,Y,0,1
1197,17,F,00-20,H,N,0,1
1198,41,M,40-44,E,Y,0,1
1199,24,F,45-49,G,Y,0,1
1200,26,M,60-64,G,Y,0,1
1201,21,F,60-64,F,Y,0,1
1202,25,M,60-64,F,Y,0,1
1203,10,M,55-59,G,N,0,1
1204,36,F,40-44,G,N,0,1
1205,12,F,30-34,F,N,0,1
1206,35,M,21-24,F,Y,0,1
1207,26,M,60-64,F,Y,0,1
1208,14,F,21-24,U,Y,0,1
1209,18,M,55-59,H,N,0,1
1210,12,M,45-49,F,Y,0,1
1211,1,M,50-54,E,N,0,1
1212,19,F,55-59,U,Y,0,1
1213,8,M,35-39,I,N,0,1
1214,22,F,65+,U,Y,0,1
1215,22,F,60-64,F,Y,0,1
1216,15,F,55-59,C,N,0,1
1217,46,M,45-49,U,Y,0,1
1218,47,F,65+,C,Y,0,1
1219,11,M,21-24,F,Y,0,1
1220,50,F,65+,I,Y,0,1
1221,54,M,50-54,I,Y,0,1
1222,30,F,45-49,D,Y,0,1
1223,28,M,60-64,C,Y,0,1
1224,39,F,40-44,I,N,0,1
1225,3,F,45-49,H,N,0,1
1226,35,F,30-34,F,Y,0,1
1227,52,M,55-59,C,Y,0,1
1228,24,M,45-49,H,Y,0,1
1229,16,M,25-29,D,Y,0,1
1230,32,M,60-64,F,Y,0,1
1231,23,M,60-64,I,Y,0,1
1232,14,F,55-59,U,Y,1,0
1233,21,M,50-54,F,Y,0,1
1234,5,F,21-24,G,Y,1,0
1235,10,F,60-64,I,N,1,0
1236,7,F,35-39,F,Y,0,1
1237,39,M,60-64,H,N,0,1
1238,11,M,55-59,U,N,0,1
1239,1,F,50-54,F,Y,0,1
1240,31,F,55-59,D,Y,0,1
1241,14,F,25-29,F,Y,0,1
1242,37,M,55-59,I,Y,0,1
1243,31,F,25-29,E,Y,0,1
1244,16,M,21-24,F,Y,0,1
1245,7,M,45-49,H,N,0,1
1246,17,M,55-59,I,N,0,1
1247,18,F,25-29,G,Y,0,1
1248,47,F,25-29,F,Y,0,1
1249,37,F,30-34,B,Y,0,1
1250,34,F,45-49,G,Y,0,1
1251,42,M,50-54,I,Y,0,1
1252,8,F,60-64,I,Y,0,1
1253,43,F,25-29,U,Y,0,1
1254,32,M,45-49,I,Y,0,1
1255,38,M,55-59,I,Y,0,1
1256,9,F,00-20,U,Y,0,1
1257,48,F,25-29,G,Y,0,1
1258,20,M,21-24,U,Y,0,1
1259,40,F,25-29,G,Y,0,1
1260,28,F,60-64,F,Y,0,1
1261,24,M,50-54,H,Y,0,1
1262,17,M,21-24,U,Y,0,1
1263,28,M,21-24,H,Y,0,1
1264,26,F,45-49,U,Y,0,1
1265,23,M,55-59,G,Y,0,1
1266,3,F,55-59,U,N,0,1
1267,24,F,55-59,I,N,0,1
1268,36,M,45-49,I,Y,0,1
1269,25,M,60-64,D,N,0,1
1270,33,M,25-29,G,Y,0,1
1271,39,F,60-64,I,Y,0,1
1272,18,M,21-24,G,Y,0,1
1273,12,F,21-24,I,Y,0,1
1274,12,F,60-64,E,Y,0,1
1275,11,F,25-29,G,Y,0,1
1276,10,M,21-24,U,N,0,1
1277,3,F,30-34,F,N,0,1
1278,15,F,25-29,B,Y,0,1
1279,39,M,25-29,I,Y,0,1
1280,25,F,55-59,C,Y,0,1
1281,59,M,25-29,U,Y,0,1
1282,20,M,50-54,F,Y,0,1
1283,12,F,00-20,I,Y,0,1
1284,31,F,45-49,H,Y,0,1
1285,19,M,60-64,G,N,0,1
1286,49,M,25-29,I,Y,0,1
1287,6,F,55-59,D,Y,0,1
1288,28,F,25-29,F,Y,0,1
1289,5,F,65+,U,Y,0,1
1290,31,F,60-64,F,N,0,1
1291,36,F,25-29,U,Y,0,1
1292,12,F,35-39,G,Y,0,1
1293,17,F,60-64,B,N,0,1
1294,4,F,21-24,U,Y,0,1
1295,18,F,60-64,U,Y,0,1
1296,32,F,50-54,H,Y,0,1
1297,13,M,60-64,G,Y,0,1
1298,32,F,30-34,I,Y,0,1
1299,20,F,25-29,I,Y,0,1
1300,24,F,21-24,I,Y,0,1
1301,11,M,25-29,U,Y,0,1
1302,5,F,45-49,U,N,1,0
1303,15,M,25-29,I,Y,0,1
1304,26,F,50-54,G,N,0,1
1305,1,F,21-24,B,Y,0,1
1306,5,F,50-54,H,N,0,1
1307,18,M,45-49,I,N,0,1
1308,31,M,55-59,G,N,0,1
1309,23,F,60-64,F,Y,0,1
1310,3,M,45-49,G,Y,0,1
1311,32,F,45-49,I,Y,0,1
1312,29,F,25-29,E,Y,0,1
1313,46,M,30-34,C,Y,0,1
1314,48,F,60-64,I,Y,0,1
1315,6,M,45-49,F,N,0,1
1316,42,M,60-64,F,Y,0,1
1317,4,M,45-49,F,Y,0,1
1318,24,F,45-49,A,Y,0,1
1319,54,M,35-39,A,Y,0,1
1320,10,F,60-64,U,Y,0,1
1321,34,F,60-64,I,Y,0,1
1322,8,F,45-49,G,Y,0,1
1323,7,M,60-64,D,N,0,1
1324,23,F,25-29,I,Y,0,1
1325,33,M,55-59,H,N,0,1
1326,22,M,25-29,G,Y,0,1
1327,17,M,21-24,U,Y,0,1
1328,7,F,40-44,H,N,0,1
1329,27,F,25-29,U,Y,0,1
1330,19,F,35-39,F,Y,0,1
1331,15,F,50-54,F,N,0,1
1332,29,M,50-54,G,Y,0,1
1333,34,M,65+,E,Y,0,1
1334,42,M,25-29,I,Y,0,1
1335,34,M,60-64,F,Y,0,1
1336,31,M,60-64,F,Y,0,1
1337,16,F,65+,I,Y,0,1
1338,56,F,60-64,D,Y,0,1
1339,30,F,60-64,I,N,0,1
1340,24,F,50-54,U,Y,0,1
1341,42,M,25-29,U,Y,0,1
1342,23,F,25-29,I,Y,0,1
1343,42,F,60-64,D,Y,0,1
1344,21,F,35-39,F,N,0,1
1345,1,M,50-54,U,N,0,1
1346,56,F,50-54,I,Y,0,1
1347,54,F,40-44,I,Y,0,1
1348,13,F,21-24,G,N,0,1
1349,4,F,25-29,B,Y,0,1
1350,33,M,60-64,F,Y,0,1
1351,20,M,55-59,H,Y,0,1
1352,29,F,55-59,I,Y,0,1
1353,54,M,60-64,A,Y,0,1
1354,23,M,60-64,F,Y,0,1
1355,5,M,35-39,U,N,0,1
1356,6,F,25-29,I,Y,0,1
1357,41,M,30-34,G,Y,1,0
1358,16,F,21-24,U,Y,0,1
1359,3,M,25-29,U,Y,0,1
1360,7,F,40-44,G,N,0,1
1361,26,F,40-44,G,Y,0,1
1362,57,M,30-34,D,Y,0,1
1363,24,M,65+,E,Y,0,1
1364,42,F,25-29,I,Y,0,1
1365,9,M,30-34,F,N,0,1
1366,18,F,25-29,G,Y,0,1
1367,39,M,45-49,C,Y,0,1
1368,22,M,55-59,U,Y,0,1
1369,33,F,60-64,C,Y,0,1
1370,40,M,60-64,G,Y,0,1
1371,28,F,55-59,I,Y,0,1
1372,27,M,55-59,D,Y,0,1
1373,2,M,21-24,G,Y,0,1
1374,3,F,21-24,A,Y,0,1
1375,25,M,50-54,G,Y,0,1
1376,14,M,45-49,C,Y,0,1
1377,2,F,40-44,F,Y,0,1
1378,19,F,60-64,G,Y,0,1
1379,27,M,60-64,F,N,0,1
1380,44,M,60-64,G,Y,0,1
1381,18,M,50-54,D,N,0,1
1382,25,M,45-49,G,Y,0,1
1383,56,F,55-59,D,Y,0,1
1384,15,M,40-44,U,Y,0,1
1385,10,F,45-49,F,N,0,1
1386,25,M,55-59,E,Y,0,1
1387,42,F,60-64,G,Y,0,1
1388,16,F,45-49,A,N,0,1
1389,48,M,60-64,B,Y,0,1
1390,46,F,35-39,E,N,0,1
1391,6,F,65+,U,Y,0,1
1392,57,F,55-59,G,Y,0,1
1393,44,M,25-29,F,Y,0,1
1394,34,F,50-54,U,Y,0,1
1395,19,M,25-29,E,Y,0,1
1396,51,M,60-64,G,Y,0,1
1397,1,F,60-64,U,N,0,1
1398,43,M,55-59,E,Y,0,1
1399,25,F,60-64,U,Y,0,1
1400,28,M,55-59,I,Y,0,1
1401,18,M,60-64,A,Y,0,1
1402,29,F,25-29,U,Y,0,1
1403,37,F,65+,H,N,1,0
1404,13,F,55-59,H,N,0,1
1405,24,F,40-44,H,Y,0,1
1406,48,M,50-54,I,Y,0,1
1407,11,F,50-54,G,N,0,1
1408,25,M,25-29,U,Y,0,1
1409,3,M,35-39,F,Y,0,1
1410,30,F,60-64,H,Y,0,1
1411,37,F,25-29,C,Y,0,1
1412,33,M,50-54,E,Y,0,1
1413,30,M,25-29,F,Y,0,1
1414,47,F,35-39,G,Y,1,0
1415,14,M,00-20,U,Y,0,1
1416,17,M,40-44,I,Y,0,1
1417,20,F,45-49,G,Y,0,1
1418,54,M,40-44,E,Y,0,1
1419,11,F,60-64,I,Y,1,0
1420,3,M,21-24,U,Y,0,1
1421,51,F,55-59,G,Y,0,1
1422,43,M,55-59,I,N,0,1
1423,30,M,40-44,E,Y,0,1
1424,36,M,45-49,H,Y,0,1
1425,53,F,25-29,F,Y,0,1
1426,39,M,25-29,H,Y,0,1
1427,45,F,25-29,D,Y,0,1
1428,5,M,55-59,G,N,0,1
1429,37,M,45-49,I,Y,0,1
1430,52,M,30-34,F,Y,0,1
1431,31,F,60-64,G,Y,0,1
1432,29,F,35-39,U,Y,0,1
1433,26,M,65+,E,Y,1,0
1434,1,F,35-39,I,N,0,1
1435,22,F,25-29,U,Y,0,1
1436,46,M,55-59,F,Y,0,1
1437,2,F,50-54,E,N,0,1
1438,36,F,55-59,F,Y,0,1
1439,32,M,30-34,G,Y,0,1
1440,46,F,35-39,H,Y,0,1
1441,19,F,25-29,U,Y,0,1
1442,44,F,60-64,G,Y,0,1
1443,46,F,30-34,E,Y,0,1
1444,31,F,50-54,U,N,0,1
1445,22,F,25-29,G,Y,0,1
1446,27,M,50-54,F,Y,0,1
1447,28,F,60-64,B,Y,0,1
1448,29,F,30-34,F,Y,0,1
1449,23,F,60-64,D,Y,0,1
1450,13,M,45-49,G,Y,0,1
1451,21,F,21-24,F,N,0,1
1452,38,M,50-54,I,Y,0,1
1453,7,F,21-24,G,Y,1,0
1454,37,M,60-64,I,Y,0,1
1455,40,F,50-54,H,Y,0,1
1456,18,M,60-64,I,N,0,1
1457,49,M,45-49,G,Y,0,1
1458,26,F,65+,U,Y,0,1
1459,18,F,45-49,U,N,0,1
1460,29,M,40-44,I,N,0,1
1461,18,F,45-49,U,Y,0,1
1462,15,F,21-24,U,Y,0,1
1463,15,M,50-54,I,N,0,1
1464,4,F,65+,C,Y,0,1
1465,5,M,40-44,I,N,0,1
1466,27,M,40-44,H,Y,0,1
1467,8,M,21-24,I,Y,0,1
1468,14,M,21-24,U,Y,0,1
1469,9,F,30-34,D,Y,0,1
1470,41,M,55-59,E,Y,0,1
1471,5,M,50-54,I,N,0,1
1472,15,M,30-34,C,Y,0,1
1473,26,M,35-39,F,Y,0,1
1474,3,F,40-44,U,Y,0,1
1475,10,F,55-59,E,Y,0,1
1476,31,F,55-59,F,Y,0,1
1477,37,M,50-54,E,Y,0,1
1478,48,F,35-39,I,Y,0,1
1479,2,M,30-34,F,Y,0,1
1480,19,F,45-49,U,Y,0,1
1481,33,F,65+,U,Y,0,1
1482,1,F,60-64,U,Y,0,1
1483,47,M,45-49,G,N,0,1
1484,48,F,25-29,F,Y,0,1
1485,40,F,55-59,E,Y,0,1
1486,56,F,50-54,U,Y,0,1
1487,37,M,55-59,D,Y,0,1
1488,33,M,25-29,F,N,0,1
1489,32,M,60-64,F,Y,0,1
1490,52,M,40-44,I,Y,0,1
1491,23,M,30-34,I,Y,0,1
1492,28,F,60-64,E,Y,0,1
1493,42,M,21-24,I,Y,0,1
1494,5,F,35-39,U,N,0,1
1495,60,M,45-49,G,Y,1,0
1496,35,M,60-64,B,Y,0,1
1497,9,F,60-64,U,Y,0,1
1498,19,M,30-34,U,Y,0,1
1499,30,F,55-59,G,Y,0,1
1500,58,M,65+,H,Y,0,1
1501,19,M,50-54,I,N,0,1
1502,12,F,00-20,G,Y,0,1
1503,19,F,60-64,G,Y,0,1
1504,1,M,55-59,U,Y,0,1
1505,43,M,65+,D,Y,0,1
1506,32,M,35-39,B,N,0,1
1507,3,F,30-34,U,N,0,1
1508,47,M,21-24,E,Y,0,1
1509,20,M,50-54,I,N,0,1
1510,26,M,25-29,U,Y,0,1
1511,15,M,60-64,H,Y,0,1
1512,20,M,60-64,U,N,0,1
1513,47,M,21-24,F,Y,0,1
1514,10,F,00-20,F,Y,0,1
1515,27,F,45-49,G,N,0,1
1516,6,F,45-49,G,Y,0,1
1517,12,F,60-64,C,Y,0,1
1518,35,M,55-59,I,Y,0,1
1519,21,F,21-24,I,Y,0,1
1520,15,M,40-44,U,Y,0,1
1521,14,M,45-49,F,N,0,1
1522,19,F,45-49,F,Y,0,1
1523,47,F,40-44,G,Y,0,1
1524,21,M,45-49,F,Y,0,1
1525,19,M,40-44,I,N,0,1
1526,33,F,60-64,D,Y,0,1
1527,15,F,60-64,B,N,0,1
1528,42,F,45-49,I,Y,0,1
1529,29,M,45-49,U,Y,0,1
1530,12,F,60-64,U,Y,0,1
1531,10,F,60-64,H,N,0,1
1532,15,F,45-49,F,Y,0,1
1533,35,F,30-34,H,Y,0,1
1534,26,M,50-54,U,N,1,0
1535,11,F,55-59,G,N,0,1
1536,3,M,60-64,F,Y,0,1
1537,32,F,60-64,C,Y,0,1
1538,33,F,40-44,F,N,1,0
1539,25,M,45-49,H,Y,0,1
1540,38,M,30-34,G,Y,0,1
1541,36,F,30-34,U,Y,1,0
1542,48,F,50-54,U,Y,0,1
1543,4,M,60-64,U,N,0,1
1544,3,M,25-29,U,Y,0,1
1545,21,F,55-59,H,Y,0,1
1546,50,F,35-39,C,Y,0,1
1547,30,M,21-24,H,Y,0,1
1548,2,F,60-64,I,Y,0,1
1549,8,F,21-24,A,Y,0,1
1550,25,M,35-39,U,Y,0,1
1551,49,F,55-59,H,Y,0,1
1552,1,M,50-54,F,Y,0,1
1553,32,M,21-24,E,Y,0,1
1554,19,M,35-39,U,Y,0,1
1555,18,M,35-39,G,Y,0,1
1556,20,M,60-64,F,Y,0,1
1557,49,F,45-49,G,Y,0,1
1558,8,F,35-39,U,Y,0,1
1559,18,F,60-64,E,Y,0,1
1560,3,F,60-64,U,N,0,1
1561,11,F,30-34,F,Y,0,1
1562,34,F,45-49,I,Y,0,1
1563,11,M,25-29,E,Y,0,1
1564,47,M,60-64,H,Y,0,1
1565,14,F,21-24,U,Y,0,1
1566,18,F,55-59,G,Y,0,1
1567,4,M,45-49,H,Y,0,1
1568,2,M,25-29,H,Y,0,1
1569,52,F,55-59,E,Y,0,1
1570,7,F,50-54,I,N,0,1
1571,22,M,45-49,U,Y,0,1
1572,25,M,25-29,U,Y,0,1
1573,33,M,65+,U,Y,0,1
1574,38,F,40-44,U,N,0,1
1575,3,F,30-34,U,Y,0,1
1576,16,F,55-59,U,Y,0,1
1577,7,F,30-34,F,Y,0,1
1578,37,F,50-54,U,Y,0,1
1579,21,F,60-64,D,N,0,1
1580,2,F,21-24,U,Y,0,1
1581,5,M,25-29,G,Y,0,1
1582,20,F,50-54,U,Y,0,1
1583,22,F,30-34,F,Y,0,1
1584,3,F,60-64,F,N,0,1
1585,44,M,60-64,E,Y,0,1
1586,17,M,30-34,E,N,0,1
1587,31,F,45-49,F,N,0,1
1588,40,M,50-54,I,Y,0,1
1589,21,M,30-34,F,Y,0,1
1590,25,M,25-29,B,Y,0,1
1591,24,F,55-59,C,N,0,1
1592,15,F,25-29,H,Y,0,1
1593,40,F,45-49,I,Y,0,1
1594,9,F,21-24,U,Y,0,1
1595,6,F,60-64,U,Y,0,1
1596,27,M,60-64,U,Y,0,1
1597,18,M,35-39,U,Y,0,1
1598,19,F,45-49,U,Y,0,1
1599,24,F,50-54,G,Y,0,1
1600,24,M,55-59,I,Y,0,1
1601,50,F,60-64,F,Y,0,1
1602,38,M,21-24,I,Y,0,1
1603,37,M,55-59,G,Y,0,1
1604,4,M,55-59,I,N,0,1
1605,15,F,40-44,G,N,0,1
1606,4,F,60-64,F,N,0,1
1607,29,M,60-64,I,N,0,1
1608,51,M,50-54,U,Y,0,1
1609,47,F,25-29,U,Y,0,1
1610,49,M,55-59,I,Y,0,1
1611,7,F,60-64,E,N,0,1
1612,15,F,35-39,E,Y,0,1
1613,38,M,50-54,F,Y,0,1
1614,10,M,60-64,I,Y,0,1
1615,40,M,45-49,E,Y,0,1
1616,11,M,25-29,H,Y,0,1
1617,26,M,45-49,G,Y,0,1
1618,15,M,55-59,F,Y,0,1
1619,25,F,45-49,A,Y,0,1
1620,14,M,25-29,G,N,0,1
1621,11,F,60-64,I,N,0,1
1622,11,F,60-64,U,N,0,1
1623,11,F,21-24,F,Y,0,1
1624,21,F,40-44,I,Y,0,1
1625,7,M,45-49,I,N,0,1
1626,20,M,50-54,H,Y,0,1
1627,32,F,60-64,A,Y,0,1
1628,55,F,25-29,F,Y,0,1
1629,32,M,55-59,U,N,0,1
1630,9,F,60-64,A,Y,0,1
1631,19,M,65+,U,Y,0,1
1632,17,F,21-24,U,N,0,1
1633,27,F,21-24,I,Y,0,1
1634,1,M,25-29,F,Y,0,1
1635,26,M,21-24,U,Y,0,1
1636,18,M,50-54,F,N,0,1
1637,19,M,40-44,F,N,0,1
1638,32,F,25-29,A,Y,0,1
1639,9,M,40-44,U,Y,0,1
1640,58,M,30-34,G,Y,0,1
1641,23,M,21-24,E,Y,0,1
1642,5,F,45-49,C,N,0,1
1643,34,F,55-59,I,N,0,1
1644,52,F,40-44,H,Y,0,1
1645,27,F,50-54,U,Y,1,0
1646,35,M,35-39,F,Y,0,1
1647,21,M,55-59,E,Y,0,1
1648,31,M,60-64,H,Y,0,1
1649,38,M,30-34,G,Y,0,1
1650,13,F,60-64,F,Y,0,1
1651,17,M,40-44,G,Y,0,1
1652,11,M,60-64,U,Y,0,1
1653,23,F,60-64,U,Y,0,1
1654,46,F,60-64,G,Y,0,1
1655,35,M,21-24,U,Y,0,1
1656,24,M,50-54,I,Y,0,1
1657,14,F,21-24,I,Y,0,1
1658,28,F,60-64,I,Y,0,1
1659,12,M,40-44,G,Y,0,1
1660,19,M,60-64,G,Y,0,1
1661,24,F,55-59,F,Y,0,1
1662,18,F,55-59,E,N,0,1
1663,12,F,45-49,D,N,0,1
1664,14,F,40-44,U,Y,0,1
1665,49,M,60-64,F,Y,0,1
1666,34,F,55-59,D,N,1,0
1667,4,M,45-49,U,Y,0,1
1668,33,F,65+,E,N,0,1
1669,59,F,30-34,F,Y,0,1
1670,23,F,45-49,C,Y,0,1
1671,52,F,60-64,D,Y,0,1
1672,22,M,50-54,U,Y,1,0
1673,16,M,21-24,U,Y,0,1
1674,2,M,60-64,U,N,0,1
1675,32,M,55-59,D,Y,0,1
1676,20,F,60-64,A,Y,0,1
1677,7,F,60-64,U,N,0,1
1678,14,M,21-24,U,Y,0,1
1679,30,F,50-54,I,Y,0,1
1680,33,M,65+,I,Y,0,1
1681,13,M,30-34,U,Y,1,0
1682,39,F,30-34,F,N,0,1
1683,11,F,55-59,I,Y,0,1
1684,12,M,00-20,G,Y,0,1
1685,51,F,45-49,D,Y,0,1
1686,16,F,45-49,U,Y,0,1
1687,42,F,55-59,F,N,0,1
1688,7,F,21-24,F,Y,0,1
1689,43,M,55-59,F,Y,0,1
1690,39,M,25-29,I,Y,0,1
1691,23,M,25-29,U,Y,0,1
1692,5,M,60-64,G,N,0,1
1693,57,F,45-49,I,Y,0,1
1694,60,F,60-64,I,Y,1,0
1695,11,M,00-20,U,Y,0,1
1696,9,M,00-20,G,Y,0,1
1697,47,M,30-34,D,Y,0,1
1698,28,F,55-59,I,Y,0,1
1699,46,M,60-64,D,Y,0,1
1700,1,M,21-24,U,N,0,1
1701,17,M,65+,U,Y,0,1
1702,46,F,21-24,E,Y,0,1
1703,35,F,35-39,C,Y,0,1
1704,15,M,25-29,F,Y,0,1
1705,15,M,55-59,I,Y,0,1
1706,17,M,55-59,G,Y,0,1
1707,22,F,25-29,E,Y,0,1
1708,13,F,60-64,G,N,0,1
1709,30,F,45-49,E,Y,0,1
1710,1,F,50-54,F,N,0,1
1711,22,M,50-54,E,Y,0,1
1712,35,M,45-49,C,Y,0,1
1713,4,M,40-44,H,N,0,1
1714,50,M,30-34,I,Y,0,1
1715,26,M,35-39,U,Y,0,1
1716,31,M,55-59,F,Y,0,1
1717,4,F,25-29,F,Y,0,1
1718,17,M,40-44,H,N,0,1
1719,51,M,45-49,G,Y,0,1
1720,22,M,40-44,F,Y,0,1
1721,47,F,50-54,I,Y,0,1
1722,19,F,60-64,A,Y,0,1
1723,8,F,60-64,E,N,0,1
1724,37,F,40-44,B,Y,0,1
1725,33,F,25-29,F,N,0,1
1726,24,F,45-49,U,Y,0,1
1727,5,F,60-64,E,Y,0,1
1728,25,M,21-24,F,Y,0,1
1729,23,M,55-59,F,Y,0,1
1730,2,F,30-34,U,Y,1,0
1731,1,F,60-64,U,N,1,0
1732,1,F,25-29,C,Y,0,1
1733,6,M,00-20,U,Y,0,1
1734,6,M,25-29,U,Y,0,1
1735,52,M,25-29,U,Y,0,1
1736,40,F,35-39,F,Y,0,1
1737,31,M,60-64,F,Y,0,1
1738,43,F,50-54,I,Y,0,1
1739,35,F,50-54,H,Y,0,1
1740,1,F,25-29,U,N,1,0
1741,38,M,60-64,G,N,0,1
1742,11,F,30-34,F,Y,0,1
1743,5,F,21-24,U,Y,0,1
1744,2,M,55-59,U,N,0,1
1745,2,F,60-64,U,N,0,1
1746,3,M,60-64,G,Y,0,1
1747,13,M,35-39,U,Y,0,1
1748,3,F,45-49,I,Y,0,1
1749,2,F,50-54,G,Y,0,1
1750,1,M,30-34,H,Y,0,1
1751,18,F,60-64,F,Y,0,1
1752,6,M,40-44,C,N,0,1
1753,50,M,55-59,F,Y,0,1
1754,32,F,25-29,I,Y,0,1
1755,9,F,21-24,E,Y,0,1
1756,30,F,45-49,G,Y,0,1
1757,12,F,25-29,C,Y,0,1
1758,13,F,55-59,G,N,0,1
1759,3,F,25-29,U,Y,0,1
1760,31,F,60-64,I,Y,0,1
1761,8,F,40-44,H,N,0,1
1762,24,M,50-54,F,N,0,1
1763,20,F,60-64,I,Y,0,1
1764,2,M,00-20,U,Y,0,1
1765,34,M,60-64,F,N,0,1
1766,25,M,35-39,G,Y,0,1
1767,6,F,25-29,U,Y,0,1
1768,42,F,45-49,F,Y,0,1
1769,2,F,25-29,F,Y,0,1
1770,34,F,55-59,I,Y,0,1
1771,40,M,45-49,G,Y,0,1
1772,15,M,50-54,F,N,0,1
1773,30,F,25-29,E,Y,0,1
1774,11,F,55-59,I,N,0,1
1775,36,F,55-59,I,Y,1,0
1776,45,M,55-59,I,Y,0,1
1777,15,M,55-59,H,N,0,1
1778,14,F,25-29,D,Y,0,1
1779,21,F,55-59,U,Y,0,1
1780,37,M,21-24,E,N,0,1
1781,17,M,25-29,G,Y,0,1
1782,21,M,55-59,I,Y,0,1
1783,17,M,55-59,G,N,0,1
1784,29,F,25-29,C,Y,0,1
1785,27,M,50-54,F,Y,0,1
1786,45,M,35-39,G,Y,0,1
1787,23,M,21-24,B,Y,0,1
1788,27,M,60-64,F,Y,0,1
1789,52,F,25-29,F,Y,0,1
1790,28,F,65+,A,N,0,1
1791,32,F,30-34,B,N,0,1
1792,28,M,45-49,C,Y,0,1
1793,47,F,55-59,E,Y,0,1
1794,10,F,25-29,F,Y,0,1
1795,11,M,60-64,H,N,0,1
1796,32,F,40-44,I,Y,0,1
1797,19,M,50-54,C,Y,0,1
1798,32,F,30-34,H,Y,0,1
1799,28,M,50-54,U,N,0,1
1800,29,F,50-54,F,N,0,1
1801,53,M,55-59,I,Y,0,1
1802,57,F,50-54,G,Y,0,1
1803,7,M,45-49,F,N,0,1
1804,21,F,30-34,F,N,0,1
1805,6,F,50-54,H,Y,0,1
1806,4,M,40-44,G,Y,0,1
1807,18,F,60-64,G,Y,0,1
1808,22,M,40-44,F,Y,0,1
1809,32,M,35-39,U,Y,0,1
1810,25,M,60-64,H,Y,0,1
1811,46,F,60-64,F,Y,0,1
1812,9,M,25-29,U,Y,0,1
1813,60,M,55-59,I,Y,1,0
1814,31,M,55-59,E,Y,0,1
1815,15,M,45-49,U,N,1,0
1816,26,F,40-44,F,Y,0,1
1817,30,F,55-59,F,Y,1,0
1818,8,M,65+,I,N,0,1
1819,49,F,55-59,F,Y,0,1
1820,24,F,35-39,H,Y,0,1
1821,10,F,50-54,H,N,0,1
1822,20,F,45-49,H,N,0,1
1823,35,M,65+,B,Y,0,1
1824,1,F,45-49,F,N,0,1
1825,14,M,60-64,H,Y,0,1
1826,12,F,40-44,F,N,0,1
1827,37,F,21-24,I,Y,1,0
1828,29,F,30-34,U,Y,0,1
1829,55,M,50-54,I,Y,0,1
1830,31,M,55-59,B,N,0,1
1831,49,F,40-44,D,Y,0,1
1832,11,F,55-59,H,Y,0,1
1833,29,M,60-64,I,Y,0,1
1834,47,M,45-49,F,Y,0,1
1835,35,F,35-39,E,Y,0,1
1836,27,F,21-24,U,Y,0,1
1837,2,F,25-29,I,Y,0,1
1838,42,M,50-54,I,Y,0,1
1839,41,M,50-54,G,N,0,1
1840,9,M,21-24,U,Y,0,1
1841,39,M,45-49,F,Y,0,1
1842,7,F,60-64,C,Y,0,1
1843,21,M,50-54,G,Y,0,1
1844,16,F,21-24,E,Y,0,1
1845,43,M,45-49,F,Y,0,1
1846,41,M,60-64,A,Y,0,1
1847,23,F,60-64,U,Y,0,1
1848,31,M,21-24,F,Y,0,1
1849,20,F,21-24,U,Y,0,1
1850,8,M,60-64,H,Y,0,1
1851,25,M,25-29,I,Y,0,1
1852,21,M,50-54,U,Y,0,1
1853,57,F,50-54,U,Y,0,1
1854,3,F,25-29,D,Y,0,1
1855,8,F,45-49,U,N,0,1
1856,6,F,55-59,G,Y,0,1
1857,10,M,55-59,U,N,1,0
1858,3,F,60-64,F,N,0,1
1859,27,M,25-29,I,Y,0,1
1860,5,F,00-20,U,Y,0,1
1861,7,M,30-34,U,N,0,1
1862,14,M,50-54,U,Y,0,1
1863,3,F,21-24,U,Y,0,1
1864,22,M,40-44,E,Y,0,1
1865,51,F,40-44,I,Y,0,1
1866,24,F,50-54,E,Y,0,1
1867,5,F,25-29,I,Y,0,1
1868,10,M,25-29,U,Y,0,1
1869,2,F,35-39,F,N,0,1
1870,53,M,60-64,H,N,0,1
1871,31,F,21-24,B,Y,0,1
1872,59,F,45-49,H,Y,0,1
1873,26,F,40-44,I,Y,0,1
1874,7,F,40-44,G,Y,0,1
1875,46,F,25-29,G,Y,0,1
1876,16,M,21-24,U,Y,0,1
1877,25,F,30-34,I,Y,0,1
1878,23,M,45-49,G,Y,0,1
1879,32,M,50-54,I,Y,0,1
1880,14,M,60-64,C,N,0,1
1881,7,F,21-24,G,Y,0,1
1882,5,M,21-24,I,Y,0,1
1883,52,F,60-64,D,Y,0,1
1884,34,M,60-64,C,Y,0,1
1885,23,F,65+,U,Y,0,1
1886,29,F,65+,H,Y,1,0
1887,45,F,40-44,G,Y,0,1
1888,24,F,60-64,I,N,0,1
1889,26,M,55-59,F,Y,0,1
1890,8,M,21-24,D,Y,0,1
1891,56,F,60-64,C,Y,0,1
1892,4,F,45-49,I,N,0,1
1893,28,M,25-29,D,Y,0,1
1894,29,M,50-54,I,Y,0,1
1895,26,M,25-29,F,Y,0,1
1896,3,M,25-29,U,Y,0,1
1897,8,M,65+,H,N,0,1
1898,16,M,40-44,G,N,0,1
1899,19,M,45-49,H,N,0,1
1900,29,M,21-24,I,Y,0,1
1901,39,M,50-54,I,Y,0,1
1902,49,M,45-49,G,Y,0,1
1903,24,F,25-29,U,Y,0,1
1904,34,F,55-59,F,Y,0,1
1905,4,M,60-64,F,N,1,0
1906,40,M,55-59,F,Y,0,1
1907,56,F,60-64,F,Y,0,1
1908,29,M,21-24,I,Y,0,1
1909,5,F,21-24,U,Y,0,1
1910,52,F,55-59,A,Y,0,1
1911,42,M,30-34,F,Y,0,1
1912,33,M,45-49,U,Y,0,1
1913,9,F,45-49,I,Y,0,1
1914,40,F,35-39,F,Y,0,1
1915,27,M,50-54,U,Y,1,0
1916,27,F,50-54,U,Y,0,1
1917,40,F,30-34,I,Y,0,1
1918,15,F,55-59,F,N,0,1
1919,5,F,30-34,H,N,0,1
1920,7,M,40-44,G,N,0,1
1921,1,F,30-34,U,Y,0,1
1922,43,F,60-64,I,Y,0,1
1923,27,F,25-29,I,N,0,1
1924,54,F,55-59,G,Y,0,1
1925,9,M,30-34,U,Y,0,1
1926,44,M,45-49,F,Y,0,1
1927,41,F,45-49,H,Y,0,1
1928,41,M,55-59,D,Y,0,1
1929,9,F,40-44,I,N,0,1
1930,40,F,25-29,U,Y,0,1
1931,23,M,50-54,D,N,0,1
1932,30,F,40-44,D,N,0,1
1933,36,M,40-44,B,Y,0,1
1934,17,F,21-24,U,Y,0,1
1935,28,F,25-29,H,N,0,1
1936,39,M,50-54,G,Y,0,1
1937,26,M,60-64,U,Y,0,1
1938,3,M,35-39,F,Y,0,1
1939,41,M,21-24,A,Y,0,1
1940,58,F,40-44,D,Y,0,1
1941,38,M,30-34,H,Y,0,1
1942,12,M,45-49,C,N,0,1
1943,21,M,60-64,H,Y,0,1
1944,4,F,50-54,B,Y,0,1
1945,33,F,60-64,C,Y,0,1
1946,46,M,30-34,U,Y,0,1
1947,51,M,55-59,F,Y,0,1
1948,7,M,60-64,I,N,0,1
1949,44,F,60-64,E,Y,0,1
1950,13,M,21-24,C,Y,0,1
1951,9,F,40-44,E,N,0,1
1952,2,M,40-44,F,N,0,1
1953,9,F,60-64,U,Y,0,1
1954,4,M,25-29,I,Y,0,1
1955,26,M,25-29,I,Y,0,1
1956,15,F,30-34,I,Y,0,1
1957,19,F,65+,H,Y,0,1
1958,19,F,45-49,U,Y,0,1
1959,57,F,45-49,C,Y,0,1
1960,28,F,60-64,B,Y,0,1
1961,59,M,35-39,F,Y,0,1
